name,url,views
2012 Annual Report to Congress on White House Staff,https://opendata.socrata.com/Government/2012-Annual-Report-to-Congress-on-White-House-Staf/jv7a-cjdv,"208,542"
Le Sarkomètre,https://opendata.socrata.com/Government/Le-Sarkomètre/mm2p-747g,"185,625"
Sorted RadNet Laboratory Analysis,https://opendata.socrata.com/Government/Sorted-RadNet-Laboratory-Analysis/w9fb-tgv6,"172,420"
Drinking Water RadNet Laboratory Analysis,https://opendata.socrata.com/Government/Drinking-Water-RadNet-Laboratory-Analysis/4ig7-9eqd,"157,709"
2013 Salaries: Pennsylvania State System of Higher Education,https://opendata.socrata.com/Education/2013-Salaries-Pennsylvania-State-System-of-Higher-/26jq-uk2i,"152,486"
Physicochemical and Spectroscopic Characterization of p-Chlorobenzaldehyde: An Impact of Biofield Energy Treatment,https://opendata.socrata.com/Education/Physicochemical-and-Spectroscopic-Characterization/7zpn-js2t,1
"Characterization of Biofield Energy Treated 3-Chloronitrobenzene: Physical, Thermal, and Spectroscopic Studies",https://opendata.socrata.com/Education/Characterization-of-Biofield-Energy-Treated-3-Chlo/jt6r-aisx,1
"Characterization of Biofield Energy Treated 3-Chloronitrobenzene: Physical, Thermal, and Spectroscopic Studies",https://opendata.socrata.com/Education/Characterization-of-Biofield-Energy-Treated-3-Chlo/99us-rawi,1
Evaluation of Biofield Treatment on Atomic and Thermal Properties of Ethanol,https://opendata.socrata.com/Education/Evaluation-of-Biofield-Treatment-on-Atomic-and-The/p9is-k6ca,1
Allied Van Lines,https://opendata.socrata.com/Business/Allied-Van-Lines/6d2s-pspq,0
AutoNation Honda Roseville,https://opendata.socrata.com/Business/AutoNation-Honda-Roseville/5hx6-484g,0
Airsoft Review Database - AEGs,https://opendata.socrata.com/Fun/Airsoft-Review-Database-AEGs/qhsr-j3c5,"10,036"
Licencias de Funcionamiento,https://opendata.socrata.com/Government/Licencias-de-Funcionamiento/ygmw-vv2s,"9,902"
Airplane Crashes and Fatalities Since 1908,https://opendata.socrata.com/Government/Airplane-Crashes-and-Fatalities-Since-1908/q2te-8cvq,"9,789"
List Of Cities And Towns In Austria,https://opendata.socrata.com/Government/List-Of-Cities-And-Towns-In-Austria/bx4m-myd6,"9,674"
Top 25 Facebook Game developers,https://opendata.socrata.com/Personal/Top-25-Facebook-Game-developers/7xeu-r99j,"9,633"
Hawaii Honolulu Precipitation,https://opendata.socrata.com/Government/Hawaii-Honolulu-Precipitation/6iva-fhgg,"9,502"
27 times Ezra Klein shows up in the White House visitor records,https://opendata.socrata.com/Government/27-times-Ezra-Klein-shows-up-in-the-White-House-vi/p365-dxy2,"9,179"
Texas Lawmaker Personal Financial Statements For CY 2012-2,https://opendata.socrata.com/Government/Texas-Lawmaker-Personal-Financial-Statements-For-C/k2dw-gwje,"9,153"
2010 Report to Congress on White House Staff,https://opendata.socrata.com/Government/2010-Report-to-Congress-on-White-House-Staff/vedg-c5sb,"517,899"
The White House - Nominations & Appointments,https://opendata.socrata.com/dataset/The-White-House-Nominations-Appointments/n5m4-mism,"506,290"
2011 Report to Congress on White House Staff,https://opendata.socrata.com/Government/2011-Report-to-Congress-on-White-House-Staff/73t8-rw4g,"383,688"
Milk  RadNet Laboratory Analysis,https://opendata.socrata.com/Government/Milk-RadNet-Laboratory-Analysis/pkfj-5jsd,"221,566"
Precipitation RadNet Laboratory Analysis,https://opendata.socrata.com/Government/Precipitation-RadNet-Laboratory-Analysis/e2xy-undq,"212,581"
2012 Annual Report to Congress on White House Staff,https://opendata.socrata.com/Government/2012-Annual-Report-to-Congress-on-White-House-Staf/jv7a-cjdv,"208,542"
Le Sarkomètre,https://opendata.socrata.com/Government/Le-Sarkomètre/mm2p-747g,"185,625"
Sorted RadNet Laboratory Analysis,https://opendata.socrata.com/Government/Sorted-RadNet-Laboratory-Analysis/w9fb-tgv6,"172,420"
Drinking Water RadNet Laboratory Analysis,https://opendata.socrata.com/Government/Drinking-Water-RadNet-Laboratory-Analysis/4ig7-9eqd,"157,709"
2013 Salaries: Pennsylvania State System of Higher Education,https://opendata.socrata.com/Education/2013-Salaries-Pennsylvania-State-System-of-Higher-/26jq-uk2i,"152,486"
Physicochemical and Spectroscopic Characterization of p-Chlorobenzaldehyde: An Impact of Biofield Energy Treatment,https://opendata.socrata.com/Education/Physicochemical-and-Spectroscopic-Characterization/7zpn-js2t,1
"Characterization of Biofield Energy Treated 3-Chloronitrobenzene: Physical, Thermal, and Spectroscopic Studies",https://opendata.socrata.com/Education/Characterization-of-Biofield-Energy-Treated-3-Chlo/jt6r-aisx,1
"Characterization of Biofield Energy Treated 3-Chloronitrobenzene: Physical, Thermal, and Spectroscopic Studies",https://opendata.socrata.com/Education/Characterization-of-Biofield-Energy-Treated-3-Chlo/99us-rawi,1
Evaluation of Biofield Treatment on Atomic and Thermal Properties of Ethanol,https://opendata.socrata.com/Education/Evaluation-of-Biofield-Treatment-on-Atomic-and-The/p9is-k6ca,1
Allied Van Lines,https://opendata.socrata.com/Business/Allied-Van-Lines/6d2s-pspq,0
AutoNation Honda Roseville,https://opendata.socrata.com/Business/AutoNation-Honda-Roseville/5hx6-484g,0
Airsoft Review Database - AEGs,https://opendata.socrata.com/Fun/Airsoft-Review-Database-AEGs/qhsr-j3c5,"10,036"
Licencias de Funcionamiento,https://opendata.socrata.com/Government/Licencias-de-Funcionamiento/ygmw-vv2s,"9,902"
Airplane Crashes and Fatalities Since 1908,https://opendata.socrata.com/Government/Airplane-Crashes-and-Fatalities-Since-1908/q2te-8cvq,"9,789"
List Of Cities And Towns In Austria,https://opendata.socrata.com/Government/List-Of-Cities-And-Towns-In-Austria/bx4m-myd6,"9,674"
Top 25 Facebook Game developers,https://opendata.socrata.com/Personal/Top-25-Facebook-Game-developers/7xeu-r99j,"9,633"
Hawaii Honolulu Precipitation,https://opendata.socrata.com/Government/Hawaii-Honolulu-Precipitation/6iva-fhgg,"9,502"
27 times Ezra Klein shows up in the White House visitor records,https://opendata.socrata.com/Government/27-times-Ezra-Klein-shows-up-in-the-White-House-vi/p365-dxy2,"9,179"
Texas Lawmaker Personal Financial Statements For CY 2012-2,https://opendata.socrata.com/Government/Texas-Lawmaker-Personal-Financial-Statements-For-C/k2dw-gwje,"9,153"
Alberta FOI Request Data 1995-2009,https://opendata.socrata.com/dataset/Alberta-FOI-Request-Data-1995-2009/fhku-mij6,"9,052"
UtahBeerTaxmap,https://opendata.socrata.com/Government/UtahBeerTaxmap/6i4w-nzeq,"9,035"
Mayor,https://opendata.socrata.com/dataset/Mayor/2p3t-v32s,"12,239"
Honolulu: Drinking Water RadNet Laboratory Analysis,https://opendata.socrata.com/Government/Honolulu-Drinking-Water-RadNet-Laboratory-Analysis/v3jf-ks99,"12,139"
Honolulu: Air Filter & Cartridge RadNet Laboratory Analysis,https://opendata.socrata.com/Government/Honolulu-Air-Filter-Cartridge-RadNet-Laboratory-An/kaax-vbup,"12,133"
Socrata Customer Spotlights,https://opendata.socrata.com/dataset/Socrata-Customer-Spotlights/6wk3-4ija,"12,107"
E-Liquid Cost-per-ml,https://opendata.socrata.com/Fun/E-Liquid-Cost-per-ml/j8gz-u2t8,"11,978"
Most common reasons for food recalls,https://opendata.socrata.com/Government/Most-common-reasons-for-food-recalls/9iuc-3wkn,"11,959"
Donut Chart of Employee by Status,https://opendata.socrata.com/Government/Donut-Chart-of-Employee-by-Status/qtg8-ngqa,"11,150"
Ethics Advisors,https://opendata.socrata.com/Government/Ethics-Advisors/qfch-hqur,"11,074"
NSA Water Jan 2015,https://opendata.socrata.com/Government/NSA-Water-Jan-2015/3rks-twmf,"10,728"
Squish,https://opendata.socrata.com/dataset/Squish/ck4s-4mts,"10,124"
Local District Report Card Data Chart,https://opendata.socrata.com/dataset/Local-District-Report-Card-Data-Chart/7w3m-4vn3,"13,917"
City Of Trenton - 2014 Certified Tax List,https://opendata.socrata.com/dataset/City-Of-Trenton-2014-Certified-Tax-List/6rv7-3upw,"13,534"
City Of Trenton - 2011 Certified Tax List,https://opendata.socrata.com/Government/City-Of-Trenton-2011-Certified-Tax-List/ewuw-qyqp,"13,349"
Airport Codes mapped to Latitude/Longitude in the United States,https://opendata.socrata.com/dataset/Airport-Codes-mapped-to-Latitude-Longitude-in-the-/rxrh-4cxm,"13,337"
NT Greek Principal Parts,https://opendata.socrata.com/Education/NT-Greek-Principal-Parts/aes3-kctc,"12,936"
Portland: Milk RadNet Laboratory Analysis,https://opendata.socrata.com/Government/Portland-Milk-RadNet-Laboratory-Analysis/b4ne-pkp8,"12,865"
Portland: Drinking Water RadNet Laboratory Analysis,https://opendata.socrata.com/Government/Portland-Drinking-Water-RadNet-Laboratory-Analysis/85pj-7x27,"12,835"
E Liquid Cost Per ML,https://opendata.socrata.com/dataset/E-Liquid-Cost-Per-ML/mpg2-phvs,"12,641"
Anaheim: Air Filter & Cartridge RadNet Laboratory Analysis,https://opendata.socrata.com/Government/Anaheim-Air-Filter-Cartridge-RadNet-Laboratory-Ana/kf7b-j8wk,"12,583"
Alcohol Consumption Per Country,https://opendata.socrata.com/Government/Alcohol-Consumption-Per-Country/hj43-2bpj,"12,428"
SBA Loan Failure Rate by NAICS Industry Code,https://opendata.socrata.com/Business/SBA-Loan-Failure-Rate-by-NAICS-Industry-Code/hc6g-7b34,"17,251"
Rep,https://opendata.socrata.com/dataset/Rep/qsig-ckg9,"17,248"
OCCC Faculty & Staff,https://opendata.socrata.com/Education/OCCC-Faculty-Staff/7trt-aanw,"16,736"
FGCU salary dataset,https://opendata.socrata.com/dataset/FGCU-salary-dataset/fjqw-ymup,"15,992"
Mapa de los Proyectos de Inversión Pública en Ejecución,https://opendata.socrata.com/Government/Mapa-de-los-Proyectos-de-Inversión-Pública-en-Ejec/p62z-4uvz,"15,895"
CaddoLanguage,https://opendata.socrata.com/Education/CaddoLanguage/kerq-ib5s,"15,812"
Criterions on Netflix,https://opendata.socrata.com/Fun/Criterions-on-Netflix/sfnr-xcnq,"15,370"
UmWeichselbrunn,https://opendata.socrata.com/Fun/UmWeichselbrunn/ai5f-3azp,"15,191"
City Of Trenton - 2015 Certified Tax List,https://opendata.socrata.com/Government/City-Of-Trenton-2015-Certified-Tax-List/f3qm-jqfs,"14,701"
Seattle Tech Companies Map,https://opendata.socrata.com/Business/Seattle-Tech-Companies-Map/tz9i-ie4t,"14,557"
Los Angeles: Drinking Water RadNet Laboratory Analysis,https://opendata.socrata.com/Government/Los-Angeles-Drinking-Water-RadNet-Laboratory-Analy/x2yf-hftq,"20,988"
Los Angeles: Milk RadNet Laboratory Analysis,https://opendata.socrata.com/Government/Los-Angeles-Milk-RadNet-Laboratory-Analysis/8fw5-fnzk,"20,841"
Senator Golden,https://opendata.socrata.com/dataset/Senator-Golden/n3yk-vzcn,"20,677"
"Rate of Fatal Work Injuries per 100,000 Workers, 2006-2012",https://opendata.socrata.com/Government/Rate-of-Fatal-Work-Injuries-per-100-000-Workers-20/dq7n-btuf,"20,101"
San Francisco: Air Filter & Cartridge RadNet Laboratory Analysis,https://opendata.socrata.com/Government/San-Francisco-Air-Filter-Cartridge-RadNet-Laborato/vew3-webj,"19,689"
"State-by-State OSHA Fatalitiy Investigations, FY 2013",https://opendata.socrata.com/dataset/State-by-State-OSHA-Fatalitiy-Investigations-FY-20/hiqj-jrvt,"19,494"
"Workplace Fatalities by State by Event or Exposure, 2012",https://opendata.socrata.com/Government/Workplace-Fatalities-by-State-by-Event-or-Exposure/kmfn-2c5k,"19,481"
"Latino Worker Fatalities, 1995-2012",https://opendata.socrata.com/dataset/Latino-Worker-Fatalities-1995-2012/sqfx-68bm,"19,468"
Seattle: Air Filter & Cartridge RadNet Laboratory Analysis,https://opendata.socrata.com/Government/Seattle-Air-Filter-Cartridge-RadNet-Laboratory-Ana/x2x4-a78a,"18,549"
Fifa 15,https://opendata.socrata.com/Business/Fifa-15/wmam-fib2,"18,145"
Top 25 Santa Fe County Properties,https://opendata.socrata.com/Government/Top-25-Santa-Fe-County-Properties/izus-a4n2,"24,988"
South Carolina State Employee Salary Database,https://opendata.socrata.com/Government/South-Carolina-State-Employee-Salary-Database/67f6-9d58,"24,916"
Contributors to NM Gov. Bill Richardson,https://opendata.socrata.com/Government/Contributors-to-NM-Gov-Bill-Richardson/vupa-fvqs,"24,676"
World's Largest Cathedrals,https://opendata.socrata.com/dataset/World-s-Largest-Cathedrals/sfaz-u3mt,"23,852"
City Of Trenton - 2012 Certified Tax List,https://opendata.socrata.com/dataset/City-Of-Trenton-2012-Certified-Tax-List/mxtj-vhhx,"21,833"
"TWE finance Sept. 9, 2010",https://opendata.socrata.com/dataset/TWE-finance-Sept-9-2010/gbjv-bew8,"21,794"
Lancaster County School Salaries,https://opendata.socrata.com/Education/Lancaster-County-School-Salaries/mpsw-g7js,"21,728"
Seattle: Drinking Water RadNet Laboratory Analysis,https://opendata.socrata.com/Government/Seattle-Drinking-Water-RadNet-Laboratory-Analysis/g8ab-jk7t,"21,511"
SBA Loan failure rate for franchisees in a franchise brand,https://opendata.socrata.com/Banking-Finance-and-Insurance/SBA-Loan-failure-rate-for-franchisees-in-a-franchi/yiht-4fbq,"21,423"
2012 Workplace Fatalities by State,https://opendata.socrata.com/Government/2012-Workplace-Fatalities-by-State/vcx3-xxtb,"21,358"
ovhksearch,https://opendata.socrata.com/dataset/ovhksearch/g4c9-gaxy,"48,077"
Social Media and Law Enforcement: Who Gets What Info and When?,https://opendata.socrata.com/Government/Social-Media-and-Law-Enforcement-Who-Gets-What-Inf/2q2w-fhk6,"42,428"
Country List ISO 3166 Codes Latitude Longitude,https://opendata.socrata.com/dataset/Country-List-ISO-3166-Codes-Latitude-Longitude/mnkm-8ram,"31,744"
Premium Tips View,https://opendata.socrata.com/Education/Premium-Tips-View/8r3i-v3rc,"31,468"
Search The Groups That Have Lost Their Tax-Exempt Status,https://opendata.socrata.com/Government/Search-The-Groups-That-Have-Lost-Their-Tax-Exempt-/j5va-k6fu,"30,019"
Short Creek births 2005-2013,https://opendata.socrata.com/Government/Short-Creek-births-2005-2013/k3x5-s922,"30,005"
All Starbucks Locations in the US - Map,https://opendata.socrata.com/Business/All-Starbucks-Locations-in-the-US-Map/ddym-zvjk,"29,332"
The Planes,https://opendata.socrata.com/dataset/The-Planes/6v2k-v9qc,"28,026"
Santa Fe Contributors,https://opendata.socrata.com/dataset/Santa-Fe-Contributors/f92i-ik66,"28,019"
Santa Fe Non-profits,https://opendata.socrata.com/dataset/Santa-Fe-Non-profits/c7gh-83ff,"25,298"
2013 Report to Congress on White House Staff,https://opendata.socrata.com/Government/2013-Report-to-Congress-on-White-House-Staff/44xn-rs2p,"133,221"
FISTEMATICA 2.0,https://opendata.socrata.com/Education/FISTEMATICA-2-0/3yqq-6ret,"124,116"
Air Filter & Cartridge RadNet Laboratory Analysis,https://opendata.socrata.com/Government/Air-Filter-Cartridge-RadNet-Laboratory-Analysis/3d4g-9muv,"123,307"
Mapa Proyectos de Inversión Pública - Plan de Acción 2011,https://opendata.socrata.com/Government/Mapa-Proyectos-de-Inversión-Pública-Plan-de-Acción/imng-7jze,"77,563"
Mapa Proyectos de Inversión Pública - Plan de Acción 2012,https://opendata.socrata.com/Government/Mapa-Proyectos-de-Inversión-Pública-Plan-de-Acción/6g9w-84gs,"77,100"
Lista de Guarderías Subrogadas por el IMSS,https://opendata.socrata.com/Government/Lista-de-Guarderías-Subrogadas-por-el-IMSS/v67s-yiqx,"63,651"
2009 Report to Congress on White House Staff,https://opendata.socrata.com/Government/2009-Report-to-Congress-on-White-House-Staff/pc5g-zfsx,"59,339"
Franchise Failureby Brand2011,https://opendata.socrata.com/Business/Franchise-Failureby-Brand2011/5qh7-7usu,"54,915"
"Top 1,000 Songs To Hear Before You Die",https://opendata.socrata.com/Fun/Top-1-000-Songs-To-Hear-Before-You-Die/ed74-c6ni,"51,968"
Unclaimed bank accounts,https://opendata.socrata.com/Government/Unclaimed-bank-accounts/n2rk-fwkj,"48,623"
"Evaluation of Physical, Thermal and Spectroscopic Properties of Biofield Treated P-Hydroxyacetophenone",https://opendata.socrata.com/Education/Evaluation-of-Physical-Thermal-and-Spectroscopic-P/tjpu-wsyv,1
Phenotyping and 16S rDNA Analysis after Biofield Treatment on Citrobacter braakii: A Urinary Pathogen,https://opendata.socrata.com/Education/Phenotyping-and-16S-rDNA-Analysis-after-Biofield-T/qw27-vuur,1
"Antibiogram, Biochemical Reactions and Genotyping Characterization of Biofield Treated Staphylococcus aureus",https://opendata.socrata.com/Education/Antibiogram-Biochemical-Reactions-and-Genotyping-C/46db-wd3v,1
"Physical, Thermal, and Spectroscopic Characterization of Biofield Energy Treated Methyl-2-Naphthyl Ether",https://opendata.socrata.com/Education/Physical-Thermal-and-Spectroscopic-Characterizatio/njdp-tufx,1
"Physical, Thermal and Spectral Properties of Biofield Treated 3-Nitroacetophenone",https://opendata.socrata.com/Education/Physical-Thermal-and-Spectral-Properties-of-Biofie/uz5n-xc77,1
Assessment of Antibiogram of Multidrug-Resistant Isolates of Enterobacter aerogenes after Biofield Energy Treatment,https://opendata.socrata.com/Education/Assessment-of-Antibiogram-of-Multidrug-Resistant-I/bzhy-iz56,1
"Physical, Thermal and Spectral Properties of Biofield Treated 1,2,3-Trimethoxybenzene",https://opendata.socrata.com/Education/Physical-Thermal-and-Spectral-Properties-of-Biofie/egfx-8u7q,1
"Evaluation of Antibiogram, Genotype and Phylogenetic Analysis of Biofield Treated Nocardia otitidis",https://opendata.socrata.com/Education/Evaluation-of-Antibiogram-Genotype-and-Phylogeneti/kf8m-r56u,1
Impact of Biofield Treatment on Spectroscopic and Physicochemical Properties of p-Nitroaniline,https://opendata.socrata.com/Education/Impact-of-Biofield-Treatment-on-Spectroscopic-and-/8ek5-5zue,1
"Physical, Thermal and Spectroscopic Studies of Biofield Treated p-Chlorobenzonitrile",https://opendata.socrata.com/Education/Physical-Thermal-and-Spectroscopic-Studies-of-Biof/46hv-kxmz,1
Characterization of Physical and Structural Properties of Aluminium Carbide Powder: Impact of Biofield Treatment,https://opendata.socrata.com/Education/Characterization-of-Physical-and-Structural-Proper/hnk7-8xwt,1
Potential Impact of Biofield Treatment on Atomic and Physical Characteristics of Magnesium,https://opendata.socrata.com/Education/Potential-Impact-of-Biofield-Treatment-on-Atomic-a/wyak-ytfe,1
"Characterization of Physical, Thermal and Structural Properties of Chromium (VI) Oxide Powder: Impact of Biofield Treatment",https://opendata.socrata.com/Education/Characterization-of-Physical-Thermal-and-Structura/7ynw-dw4x,1
Antibiogram Typing and Biochemical Characterization of Klebsiella pneumoniae after Biofield Treatment,https://opendata.socrata.com/Education/Antibiogram-Typing-and-Biochemical-Characterizatio/2gus-ci9z,1
"Physical, Thermal and Spectroscopic Characterization of m-Toluic Acid: an Impact of Biofield Treatment",https://opendata.socrata.com/Education/Physical-Thermal-and-Spectroscopic-Characterizatio/4hrr-kp9g,1
"Physical, Spectroscopic and Thermal Characterization of Biofield treated Myristic acid",https://opendata.socrata.com/Education/Physical-Spectroscopic-and-Thermal-Characterizatio/thbg-yuv5,1
Fourier Transform Infrared and Ultraviolet-Visible Spectroscopic Characterization of Ammonium Acetate and Ammonium Chloride: An Impact of Biofield Treatment,https://opendata.socrata.com/Education/Fourier-Transform-Infrared-and-Ultraviolet-Visible/xrcy-8ufw,1
Characterization of Physical and Thermal Properties of Biofield Treated Neopentyl Glycol,https://opendata.socrata.com/Education/Characterization-of-Physical-and-Thermal-Propertie/85u6-p4v8,1
Bio-field Treatment: An Effective Strategy to Improve the Quality of Beef Extract and Meat Infusion Powder,https://opendata.socrata.com/Education/Bio-field-Treatment-An-Effective-Strategy-to-Impro/tu3e-rx3x,1
Evaluation of the Impact of Biofield Treatment on Physical and Thermal Properties of Casein Enzyme Hydrolysate and Casein Yeast Peptone,https://opendata.socrata.com/Education/Evaluation-of-the-Impact-of-Biofield-Treatment-on-/5krp-4cjj,1
"Isotopic Abundance Analysis of Biofield Treated Benzene, Toluene and p-Xylene Using Gas Chromatography-Mass Spectrometry (GC-MS)",https://opendata.socrata.com/Education/Isotopic-Abundance-Analysis-of-Biofield-Treated-Be/d6f4-cgv2,2
"Evaluation of Physical, Thermal and Spectroscopic Properties of Biofield Treated P-Hydroxyacetophenone",https://opendata.socrata.com/Education/Evaluation-of-Physical-Thermal-and-Spectroscopic-P/g3wv-2qcx,2
"Antimicrobial Susceptibility, Biochemical Characterization and Molecular Typing of Biofield Treated Klebsiella pneumoniae",https://opendata.socrata.com/Education/Antimicrobial-Susceptibility-Biochemical-Character/5a85-x4v4,2
"Isotopic Abundance Analysis of Biofield Treated Benzene, Toluene and p-Xylene Using Gas Chromatography-Mass Spectrometry (GC-MS)",https://opendata.socrata.com/Education/Isotopic-Abundance-Analysis-of-Biofield-Treated-Be/7nti-8mue,2
Characterization of Physical and Thermal Properties of Biofield Treated Neopentyl Glycol,https://opendata.socrata.com/Education/Characterization-of-Physical-and-Thermal-Propertie/3gvs-2aa6,2
Spectroscopic Characterization of Disulfiram and Nicotinic Acid after Biofield Treatment,https://opendata.socrata.com/Education/Spectroscopic-Characterization-of-Disulfiram-and-N/5zr3-e8c7,2
"Evaluation of Physical, Thermal and Spectroscopic Properties of Biofield Treated P-Hydroxyacetophenone",https://opendata.socrata.com/Education/Evaluation-of-Physical-Thermal-and-Spectroscopic-P/s67q-twms,2
Characterization of Physical and Thermal Properties of Biofield Treated Neopentyl Glycol,https://opendata.socrata.com/Education/Characterization-of-Physical-and-Thermal-Propertie/85u6-p4v8,1
Bio-field Treatment: An Effective Strategy to Improve the Quality of Beef Extract and Meat Infusion Powder,https://opendata.socrata.com/Education/Bio-field-Treatment-An-Effective-Strategy-to-Impro/tu3e-rx3x,1
Evaluation of the Impact of Biofield Treatment on Physical and Thermal Properties of Casein Enzyme Hydrolysate and Casein Yeast Peptone,https://opendata.socrata.com/Education/Evaluation-of-the-Impact-of-Biofield-Treatment-on-/5krp-4cjj,1
"Thermal, Spectroscopic and Chemical Characterization of Biofield Energy Treated Anisole",https://opendata.socrata.com/Education/Thermal-Spectroscopic-and-Chemical-Characterizatio/gf2m-fuyz,1
Characterization of Physicochemical and Thermal Properties of Chitosan and Sodium Alginate after Biofield Treatment,https://opendata.socrata.com/Education/Characterization-of-Physicochemical-and-Thermal-Pr/ww8h-z9dh,1
"Characterization of Biofield Energy Treated 3-Chloronitrobenzene: Physical, Thermal, and Spectroscopic Studies",https://opendata.socrata.com/Education/Characterization-of-Biofield-Energy-Treated-3-Chlo/5bj2-f4dp,1
"Characterization of Physical, Thermal and Spectral Properties of Biofield Treated O-Aminophenol",https://opendata.socrata.com/Education/Characterization-of-Physical-Thermal-and-Spectral-/4ftg-weii,1
Evaluation of Biofield Treatment on Atomic and Thermal Properties of Ethanol,https://opendata.socrata.com/Education/Evaluation-of-Biofield-Treatment-on-Atomic-and-The/b65p-sbwe,1
"Characterization of Physical, Thermal and Spectral Properties of Biofield Treated O-Aminophenol",https://opendata.socrata.com/Education/Characterization-of-Physical-Thermal-and-Spectral-/vadk-628s,1
Characterization of Physicochemical and Thermal Properties of Chitosan and Sodium Alginate after Biofield Treatment,https://opendata.socrata.com/Education/Characterization-of-Physicochemical-and-Thermal-Pr/kudf-8s95,1
"Characterization of Physical, Thermal and Spectral Properties of Biofield Treated O-Aminophenol",https://opendata.socrata.com/Education/Characterization-of-Physical-Thermal-and-Spectral-/vxe5-ptih,1
"Thermal, Spectroscopic and Chemical Characterization of Biofield Energy Treated Anisole",https://opendata.socrata.com/Education/Thermal-Spectroscopic-and-Chemical-Characterizatio/maxj-6fe6,1
Evaluation of Biofield Treatment on Atomic and Thermal Properties of Ethanol,https://opendata.socrata.com/Education/Evaluation-of-Biofield-Treatment-on-Atomic-and-The/p6ph-psp2,1
U.S. Top 25 Largest Cities,https://opendata.socrata.com/Government/U-S-Top-25-Largest-Cities/ixry-vii4,"6,915"
All Starbucks Locations in the World - Point Map,https://opendata.socrata.com/Business/All-Starbucks-Locations-in-the-World-Point-Map/7sg8-44ed,"6,757"
Potential Jobs Created by the Recovery and Reinvestment Act,https://opendata.socrata.com/Government/Potential-Jobs-Created-by-the-Recovery-and-Reinves/dqfg-a9mp,"6,753"
Top 10 Loudest College Basketball Arenas,https://opendata.socrata.com/dataset/Top-10-Loudest-College-Basketball-Arenas/rtuv-rirn,"6,707"
2008 BOLD Survey of Puget Sound Levels for PCB Congeners,https://opendata.socrata.com/dataset/2008-BOLD-Survey-of-Puget-Sound-Levels-for-PCB-Con/ewv9-5b9a,"6,636"
VA 2010 Census Population By Race,https://opendata.socrata.com/dataset/VA-2010-Census-Population-By-Race/pnj7-fdqg,"6,335"
Inventory Main Public,https://opendata.socrata.com/Business/Inventory-Main-Public/jtne-3nhu,"6,282"
"Bed Sore Rates (""Pressure Ulcers Stage III and IV"")",https://opendata.socrata.com/Government/Bed-Sore-Rates-Pressure-Ulcers-Stage-III-and-IV-/ipr4-mmzb,"6,271"
AKC's Top 50 Dog Breeds,https://opendata.socrata.com/dataset/AKC-s-Top-50-Dog-Breeds/2es9-pgpu,"6,123"
US House of Representatives--Winners Raw Vote 2012,https://opendata.socrata.com/Government/US-House-of-Representatives-Winners-Raw-Vote-2012/cgpm-2jt7,"6,087"
BYUpolicegraphic,https://opendata.socrata.com/Education/BYUpolicegraphic/g8fw-hj8p,"7,408"
Denver: Drinking Water RadNet Laboratory Analysis,https://opendata.socrata.com/Government/Denver-Drinking-Water-RadNet-Laboratory-Analysis/9jpu-dqw4,"7,285"
JLF Product List 08/01/2012,https://opendata.socrata.com/Business/JLF-Product-List-08-01-2012/vn3y-b6ik,"7,215"
White House Visitor Logs (annotated),https://opendata.socrata.com/Government/White-House-Visitor-Logs-annotated-/df8n-kd3j,"7,214"
Customer Dataset Matrix,https://opendata.socrata.com/Government/Customer-Dataset-Matrix/ku3p-ce2d,"7,004"
2010 Burt Lerner National Elementary (K-6) Chess Championship,https://opendata.socrata.com/Personal/2010-Burt-Lerner-National-Elementary-K-6-Chess-Cha/ie4j-sd5v,"6,992"
column chart,https://opendata.socrata.com/dataset/column-chart/yrrn-qemb,"6,984"
Interagency Ocean Policy Taskforce Comments,https://opendata.socrata.com/Government/Interagency-Ocean-Policy-Taskforce-Comments/4w5y-5cfm,"6,981"
US Cities With Iodine Radiation In The Drinking Water,https://opendata.socrata.com/Government/US-Cities-With-Iodine-Radiation-In-The-Drinking-Wa/yqd5-rjuc,"6,977"
Washington's structurally deficient bridges,https://opendata.socrata.com/Government/Washington-s-structurally-deficient-bridges/y3ea-t8vj,"6,934"
Deal Table Live,https://opendata.socrata.com/Business/Deal-Table-Live/8it9-ht43,"7,998"
USA Starbucks,https://opendata.socrata.com/Business/USA-Starbucks/e3xz-8cw7,"7,984"
RadNet Laboratory Analysis,https://opendata.socrata.com/Government/RadNet-Laboratory-Analysis/cf4r-dfwe,"7,974"
"Ning Directory - Social Networks (June 20, 2009)",https://opendata.socrata.com/dataset/Ning-Directory-Social-Networks-June-20-2009-/63av-5udk,"7,971"
Base De Datos Oferta Formativa Universidades,https://opendata.socrata.com/Education/Base-De-Datos-Oferta-Formativa-Universidades/5ib6-ewbq,"7,926"
Olympia: Precipitation RadNet Laboratory Analysis,https://opendata.socrata.com/Government/Olympia-Precipitation-RadNet-Laboratory-Analysis/swzy-5bwh,"7,919"
Proyectos de Inversión Pública 2012,https://opendata.socrata.com/Government/Proyectos-de-Inversión-Pública-2012/fzt7-q42i,"7,913"
Pennsylvania's Dry Municipalities,https://opendata.socrata.com/Government/Pennsylvania-s-Dry-Municipalities/vr4q-nrmd,"7,891"
Agebreakdown,https://opendata.socrata.com/Education/Agebreakdown/kxif-we5g,"7,590"
TotalMaleFemale,https://opendata.socrata.com/Education/TotalMaleFemale/yk6u-pg2n,"7,571"
Bernie Madoff Investors,https://opendata.socrata.com/Business/Bernie-Madoff-Investors/ymsz-fkh9,"8,899"
NEPA Public Comments,https://opendata.socrata.com/dataset/NEPA-Public-Comments/6peu-b86u,"8,883"
San Francisco: Milk RadNet Laboratory Analysis,https://opendata.socrata.com/Government/San-Francisco-Milk-RadNet-Laboratory-Analysis/k4dk-y6ex,"8,870"
"2010 Grade National Chess Tournament, Orlando FL",https://opendata.socrata.com/Personal/2010-Grade-National-Chess-Tournament-Orlando-FL/zsvu-nc8w,"8,780"
Alberta Government Food and Beverage Costs 2009/10,https://opendata.socrata.com/dataset/Alberta-Government-Food-and-Beverage-Costs-2009-10/3cqr-g2c7,"8,605"
SBL Abbreviations,https://opendata.socrata.com/Education/SBL-Abbreviations/bpbv-52wq,"8,594"
All Starbucks Locations in the World,https://opendata.socrata.com/Business/All-Starbucks-Locations-in-the-World/xy4y-c4mk,"8,201"
County comparison,https://opendata.socrata.com/Government/County-comparison/jinf-pspj,"8,138"
South Carolina Midlands Employee Salary Database,https://opendata.socrata.com/Government/South-Carolina-Midlands-Employee-Salary-Database/weqv-6vsn,"8,101"
EPA Air Sampling: Response to BP Oil Spill,https://opendata.socrata.com/Government/EPA-Air-Sampling-Response-to-BP-Oil-Spill/498c-fwrs,"8,087"
Bacterial Identification Using 16S rDNA Gene Sequencing and Antibiogram Analysis on Biofield Treated Pseudomonas fluorescens,https://opendata.socrata.com/Education/Bacterial-Identification-Using-16S-rDNA-Gene-Seque/mcxy-6sq7,2
Bio-field Treatment: A Potential Strategy for Modification of Physical and Thermal Properties of Gluten Hydrolysate and Ipomoea Macroelements,https://opendata.socrata.com/Education/Bio-field-Treatment-A-Potential-Strategy-for-Modif/3f8j-6esj,2
Spectroscopic Characterization of Disulfiram and Nicotinic Acid after Biofield Treatment,https://opendata.socrata.com/Education/Spectroscopic-Characterization-of-Disulfiram-and-N/bsmv-qibu,2
How to Lure Him Back in Relationship,https://opendata.socrata.com/Fun/How-to-Lure-Him-Back-in-Relationship/bwsa-x29r,2
Characterization of Physical and Thermal Properties of Biofield Treated Neopentyl Glycol,https://opendata.socrata.com/Education/Characterization-of-Physical-and-Thermal-Propertie/tr6t-vwty,2
Lean Belly Breakthrough Review,https://opendata.socrata.com/Fun/Lean-Belly-Breakthrough-Review/hnki-tm5k,2
"Antibiogram, Biochemical Reactions, and Genotypic Pattern of Biofield Treated Pseudomonas aeruginosa",https://opendata.socrata.com/Education/Antibiogram-Biochemical-Reactions-and-Genotypic-Pa/22bi-z5vj,2
Characterization of Physicochemical and Thermal Properties of Chitosan and Sodium Alginate after Biofield Treatment,https://opendata.socrata.com/Education/Characterization-of-Physicochemical-and-Thermal-Pr/spma-49z9,2
Physicochemical and Spectroscopic Characterization of p-Chlorobenzaldehyde: An Impact of Biofield Energy Treatment,https://opendata.socrata.com/Education/Physicochemical-and-Spectroscopic-Characterization/iz89-85vj,2
Physicochemical and Spectroscopic Characterization of Biofield EnergyTreated p-Anisidine,https://opendata.socrata.com/Education/Physicochemical-and-Spectroscopic-Characterization/pb64-xkiz,2
Characterization of Phenotype and Genotype of Biofield Treated Enterobacter aerogenes,https://opendata.socrata.com/Education/Characterization-of-Phenotype-and-Genotype-of-Biof/ynh4-fa6x,2
Aftercare Programs after Having an Alcohol Treatment Program,https://opendata.socrata.com/dataset/Aftercare-Programs-after-Having-an-Alcohol-Treatme/m23k-772w,2
Suboxone – A Certified Treatment for Drug Abuse,https://opendata.socrata.com/dataset/Suboxone-A-Certified-Treatment-for-Drug-Abuse/22xx-huit,2
Hire an Airport Limousine or Car,https://opendata.socrata.com/dataset/Hire-an-Airport-Limousine-or-Car/dn4q-2hgt,2
"Want a sober life free of alcohol? Yes, it is Possible",https://opendata.socrata.com/dataset/Want-a-sober-life-free-of-alcohol-Yes-it-is-Possib/7wpq-q36v,2
The Sciatica SOS Review,https://opendata.socrata.com/Fun/The-Sciatica-SOS-Review/eh2p-4jdp,2
Half Day Diet Review,https://opendata.socrata.com/Fun/Half-Day-Diet-Review/rj5q-vj7d,2
Characterization of Phenotype and Genotype of Biofield Treated Enterobacter aerogenes,https://opendata.socrata.com/Education/Characterization-of-Phenotype-and-Genotype-of-Biof/cqpy-h4yy,2
Antibiogram Pattern of Shigella flexneri: Effect of Biofield Treatment,https://opendata.socrata.com/Education/Antibiogram-Pattern-of-Shigella-flexneri-Effect-of/3ipf-isdb,2
Effect of Biofield Energy Treatment on Streptococcus group B: A Postpartum Pathogen,https://opendata.socrata.com/Education/Effect-of-Biofield-Energy-Treatment-on-Streptococc/9m7w-vzui,2
How To Get Your Ex Back Fast,https://opendata.socrata.com/Demo/How-To-Get-Your-Ex-Back-Fast/6r7p-gmev,2
How to Get Your Ex Girfriend Back,https://opendata.socrata.com/Demo/How-to-Get-Your-Ex-Girfriend-Back/vecy-32dg,2
Physical and Structural Characterization of Biofield Treated Imidazole Derivatives,https://opendata.socrata.com/Education/Physical-and-Structural-Characterization-of-Biofie/u96u-vnh9,2
"Antimicrobial Susceptibility Pattern, Biochemical Characteristics and Biotyping of Salmonella paratyphi A: An Impact of Biofield Treatment",https://opendata.socrata.com/Education/Antimicrobial-Susceptibility-Pattern-Biochemical-C/226p-fp2i,2
Make My Penis Bigger,https://opendata.socrata.com/Education/Make-My-Penis-Bigger/cq2i-4mhw,2
Effect of Biofield Energy Treatment on Streptococcus group B: A Postpartum Pathogen,https://opendata.socrata.com/Education/Effect-of-Biofield-Energy-Treatment-on-Streptococc/3eah-gxh3,2
Bio-field Treatment: A Potential Strategy for Modification of Physical and Thermal Properties of Gluten Hydrolysate and Ipomoea Macroelements,https://opendata.socrata.com/Education/Bio-field-Treatment-A-Potential-Strategy-for-Modif/a999-a3ua,2
Antibiogram Pattern of Shigella flexneri: Effect of BioField Treatment,https://opendata.socrata.com/Education/Antibiogram-Pattern-of-Shigella-flexneri-Effect-of/da6d-m923,2
Effect of Biofield Energy Treatment on Streptococcus group B: A Postpartum Pathogen,https://opendata.socrata.com/Education/Effect-of-Biofield-Energy-Treatment-on-Streptococc/ahn6-dq5k,2
Antibiogram Pattern of Shigella flexneri: Effect of BioField Treatment,https://opendata.socrata.com/Education/Antibiogram-Pattern-of-Shigella-flexneri-Effect-of/w8za-d28r,2
Characterization of Phenotype and Genotype of Biofield Treated Enterobacter aerogenes,https://opendata.socrata.com/Education/Characterization-of-Phenotype-and-Genotype-of-Biof/ynh4-fa6x,2
Aftercare Programs after Having an Alcohol Treatment Program,https://opendata.socrata.com/dataset/Aftercare-Programs-after-Having-an-Alcohol-Treatme/m23k-772w,2
Suboxone – A Certified Treatment for Drug Abuse,https://opendata.socrata.com/dataset/Suboxone-A-Certified-Treatment-for-Drug-Abuse/22xx-huit,2
Hire an Airport Limousine or Car,https://opendata.socrata.com/dataset/Hire-an-Airport-Limousine-or-Car/dn4q-2hgt,2
"Want a sober life free of alcohol? Yes, it is Possible",https://opendata.socrata.com/dataset/Want-a-sober-life-free-of-alcohol-Yes-it-is-Possib/7wpq-q36v,2
Get Bigger Penis,https://opendata.socrata.com/dataset/Get-Bigger-Penis/cydp-9zxv,2
Spectroscopic Characterization of Disodium Hydrogen Orthophosphate and Sodium Nitrate after Biofield Treatment,https://opendata.socrata.com/Education/Spectroscopic-Characterization-of-Disodium-Hydroge/imn7-x68k,2
"Physical, Spectroscopic and Thermal Characterization of Biofield treated Myristic acid",https://opendata.socrata.com/Education/Physical-Spectroscopic-and-Thermal-Characterizatio/qhik-g37d,2
Biofield Treatment: A Potential Strategy for Modification of Physical and Thermal Properties of Indole,https://opendata.socrata.com/Education/Biofield-Treatment-A-Potential-Strategy-for-Modifi/hpik-r6rc,2
Characterization of Physical and Structural Properties of Aluminium Carbide Powder: Impact of Biofield Treatment,https://opendata.socrata.com/Education/Characterization-of-Physical-and-Structural-Proper/656z-fg77,2
waivers-final-table,https://opendata.socrata.com/Government/waivers-final-table/x63r-3x8s,"4,735"
Kauai: Air Filter & Cartridge RadNet Laboratory Analysis,https://opendata.socrata.com/Government/Kauai-Air-Filter-Cartridge-RadNet-Laboratory-Analy/wzt3-jp8y,"4,711"
Spokane: Milk RadNet Laboratory Analysis,https://opendata.socrata.com/Government/Spokane-Milk-RadNet-Laboratory-Analysis/jt9u-bhsf,"4,685"
Mapa de los Proyectos de Inversión Pública 2011 en Ejecución,https://opendata.socrata.com/Government/Mapa-de-los-Proyectos-de-Inversión-Pública-2011-en/6v98-45z7,"4,598"
DCPS with < 1% improvement,https://opendata.socrata.com/Education/DCPS-with-1-improvement/iyh7-tkme,"4,567"
By Overall Proficiency,https://opendata.socrata.com/Education/By-Overall-Proficiency/cugb-wvbg,"4,564"
Las Vegas: Drinking Water RadNet Laboratory Analysis,https://opendata.socrata.com/Government/Las-Vegas-Drinking-Water-RadNet-Laboratory-Analysi/psuy-f4ih,"4,547"
Interagency Ocean Policy Task Force Framework Comments,https://opendata.socrata.com/Government/Interagency-Ocean-Policy-Task-Force-Framework-Comm/y347-w3ye,"4,501"
2010 El Tour de Tucson,https://opendata.socrata.com/dataset/2010-El-Tour-de-Tucson/h9hj-t6ti,"4,487"
YouTube most viewed ANIMAL videos,https://opendata.socrata.com/dataset/YouTube-most-viewed-ANIMAL-videos/ck3r-eyyf,"4,469"
